Designator,Val,Package,Mid X,Mid Y,Rotation,Layer
BT1,2479,BAT_2479,152.679027,-224.987,270.0,bottom
BT1,2479,BAT_2479,136.323013,-24.753,90.0,bottom
BT1,2479,BAT_2479,60.679014,-224.987,270.0,bottom
BT1,2479,BAT_2479,44.323,-24.753,90.0,bottom
C1,1uF,C_0603_1608Metric,174.601027,-151.17,270.0,bottom
C1,1uF,C_0603_1608Metric,22.401,-98.57,90.0,bottom
C1,1uF,C_0603_1608Metric,82.601014,-151.17,270.0,bottom
C1,1uF,C_0603_1608Metric,114.401013,-98.57,90.0,bottom
C10,0.1uF,C_0603_1608Metric,132.401027,-170.07,270.0,bottom
C10,0.1uF,C_0603_1608Metric,64.601,-79.67,90.0,bottom
C10,0.1uF,C_0603_1608Metric,156.601013,-79.67,90.0,bottom
C10,0.1uF,C_0603_1608Metric,40.401014,-170.07,270.0,bottom
C11,0.1uF,C_0603_1608Metric,54.001,-76.62,90.0,bottom
C11,0.1uF,C_0603_1608Metric,51.001014,-173.12,270.0,bottom
C11,0.1uF,C_0603_1608Metric,143.001027,-173.12,270.0,bottom
C11,0.1uF,C_0603_1608Metric,146.001013,-76.62,90.0,bottom
C12,0.1uF,C_0603_1608Metric,62.901014,-170.77,180.0,bottom
C12,0.1uF,C_0603_1608Metric,154.901027,-170.77,180.0,bottom
C12,0.1uF,C_0603_1608Metric,134.101013,-78.97,0.0,bottom
C12,0.1uF,C_0603_1608Metric,42.101,-78.97,0.0,bottom
C13,0.1uF,C_0603_1608Metric,126.251013,-85.12,0.0,bottom
C13,0.1uF,C_0603_1608Metric,70.751014,-164.62,180.0,bottom
C13,0.1uF,C_0603_1608Metric,34.251,-85.12,0.0,bottom
C13,0.1uF,C_0603_1608Metric,162.751027,-164.62,180.0,bottom
C14,0.1uF,C_0603_1608Metric,30.001,-99.37,0.0,bottom
C14,0.1uF,C_0603_1608Metric,167.001027,-150.37,180.0,bottom
C14,0.1uF,C_0603_1608Metric,75.001014,-150.37,180.0,bottom
C14,0.1uF,C_0603_1608Metric,122.001013,-99.37,0.0,bottom
C15,0.1uF,C_0603_1608Metric,163.501027,-139.27,180.0,bottom
C15,0.1uF,C_0603_1608Metric,125.501013,-110.47,0.0,bottom
C15,0.1uF,C_0603_1608Metric,33.501,-110.47,0.0,bottom
C15,0.1uF,C_0603_1608Metric,71.501014,-139.27,180.0,bottom
C16,0.1uF,C_0603_1608Metric,38.726,-116.62,0.0,bottom
C16,0.1uF,C_0603_1608Metric,130.726013,-116.62,0.0,bottom
C16,0.1uF,C_0603_1608Metric,66.276014,-133.12,180.0,bottom
C16,0.1uF,C_0603_1608Metric,158.276027,-133.12,180.0,bottom
C17,1uF,C_0603_1608Metric,174.951013,-35.92,0.0,bottom
C17,1uF,C_0603_1608Metric,82.951,-35.92,0.0,bottom
C17,1uF,C_0603_1608Metric,22.051014,-213.82,180.0,bottom
C17,1uF,C_0603_1608Metric,114.051027,-213.82,180.0,bottom
C18,10uF,C_0805_2012Metric,109.301027,-150.87,180.0,bottom
C18,10uF,C_0805_2012Metric,87.701,-98.87,0.0,bottom
C18,10uF,C_0805_2012Metric,179.701013,-98.87,0.0,bottom
C18,10uF,C_0805_2012Metric,17.301014,-150.87,180.0,bottom
C19,0.1uF,C_0805_2012Metric,109.301027,-153.37,180.0,bottom
C19,0.1uF,C_0805_2012Metric,17.301014,-153.37,180.0,bottom
C19,0.1uF,C_0805_2012Metric,87.701,-96.37,0.0,bottom
C19,0.1uF,C_0805_2012Metric,179.701013,-96.37,0.0,bottom
C2,10uF,C_0805_2012Metric,19.413815,-98.869733,90.0,bottom
C2,10uF,C_0805_2012Metric,85.588199,-150.870267,270.0,bottom
C2,10uF,C_0805_2012Metric,177.588212,-150.870267,270.0,bottom
C2,10uF,C_0805_2012Metric,111.413828,-98.869733,90.0,bottom
C20,0.1uF,C_0603_1608Metric,145.013548,-11.107465,90.0,bottom
C20,0.1uF,C_0603_1608Metric,53.013535,-11.107465,90.0,bottom
C20,0.1uF,C_0603_1608Metric,51.988479,-238.632535,270.0,bottom
C20,0.1uF,C_0603_1608Metric,143.988492,-238.632535,270.0,bottom
C21,0.1uF,C_0603_1608Metric,58.638479,-238.832535,270.0,bottom
C21,0.1uF,C_0603_1608Metric,138.363548,-10.907465,90.0,bottom
C21,0.1uF,C_0603_1608Metric,150.638492,-238.832535,270.0,bottom
C21,0.1uF,C_0603_1608Metric,46.363535,-10.907465,90.0,bottom
C22,0.1uF,C_0603_1608Metric,65.938479,-238.857535,270.0,bottom
C22,0.1uF,C_0603_1608Metric,157.938492,-238.857535,270.0,bottom
C22,0.1uF,C_0603_1608Metric,131.063548,-10.882465,90.0,bottom
C22,0.1uF,C_0603_1608Metric,39.063535,-10.882465,90.0,bottom
C23,0.1uF,C_0603_1608Metric,164.988492,-238.757535,270.0,bottom
C23,0.1uF,C_0603_1608Metric,72.988479,-238.757535,270.0,bottom
C23,0.1uF,C_0603_1608Metric,124.013548,-10.982465,90.0,bottom
C23,0.1uF,C_0603_1608Metric,32.013535,-10.982465,90.0,bottom
C24,0.1uF,C_0603_1608Metric,79.988479,-238.857535,270.0,bottom
C24,0.1uF,C_0603_1608Metric,117.013548,-10.882465,90.0,bottom
C24,0.1uF,C_0603_1608Metric,171.988492,-238.857535,270.0,bottom
C24,0.1uF,C_0603_1608Metric,25.013535,-10.882465,90.0,bottom
C25,0.1uF,C_0603_1608Metric,18.013535,-10.857465,90.0,bottom
C25,0.1uF,C_0603_1608Metric,86.988479,-238.882535,270.0,bottom
C25,0.1uF,C_0603_1608Metric,110.013548,-10.857465,90.0,bottom
C25,0.1uF,C_0603_1608Metric,178.988492,-238.882535,270.0,bottom
C3,1uF,C_0603_1608Metric,88.267675,-151.170267,270.0,bottom
C3,1uF,C_0603_1608Metric,16.734339,-98.569733,90.0,bottom
C3,1uF,C_0603_1608Metric,108.734352,-98.569733,90.0,bottom
C3,1uF,C_0603_1608Metric,180.267688,-151.170267,270.0,bottom
C4,1uF,C_0603_1608Metric,113.751027,-152.87,90.0,bottom
C4,1uF,C_0603_1608Metric,83.251,-96.87,270.0,bottom
C4,1uF,C_0603_1608Metric,175.251013,-96.87,270.0,bottom
C4,1uF,C_0603_1608Metric,21.751014,-152.87,90.0,bottom
C5,0.1uF,C_0603_1608Metric,138.251027,-130.12,0.0,bottom
C5,0.1uF,C_0603_1608Metric,150.751013,-119.62,180.0,bottom
C5,0.1uF,C_0603_1608Metric,58.751,-119.62,180.0,bottom
C5,0.1uF,C_0603_1608Metric,46.251014,-130.12,0.0,bottom
C6,0.1uF,C_0603_1608Metric,157.301013,-117.37,180.0,bottom
C6,0.1uF,C_0603_1608Metric,65.301,-117.37,180.0,bottom
C6,0.1uF,C_0603_1608Metric,131.701027,-132.37,0.0,bottom
C6,0.1uF,C_0603_1608Metric,39.701014,-132.37,0.0,bottom
C7,0.1uF,C_0603_1608Metric,164.501013,-109.12,270.0,bottom
C7,0.1uF,C_0603_1608Metric,72.501,-109.12,270.0,bottom
C7,0.1uF,C_0603_1608Metric,32.501014,-140.62,90.0,bottom
C7,0.1uF,C_0603_1608Metric,124.501027,-140.62,90.0,bottom
C8,0.1uF,C_0603_1608Metric,122.001027,-152.62,0.0,bottom
C8,0.1uF,C_0603_1608Metric,167.001013,-97.12,180.0,bottom
C8,0.1uF,C_0603_1608Metric,30.001014,-152.62,0.0,bottom
C8,0.1uF,C_0603_1608Metric,75.001,-97.12,180.0,bottom
C9,0.1uF,C_0603_1608Metric,31.751014,-160.12,0.0,bottom
C9,0.1uF,C_0603_1608Metric,165.251013,-89.62,180.0,bottom
C9,0.1uF,C_0603_1608Metric,73.251,-89.62,180.0,bottom
C9,0.1uF,C_0603_1608Metric,123.751027,-160.12,0.0,bottom
D1,MBR120LSF,SOD-123_L2.8-W1.8-LS3.7-RD,169.301027,-178.77,180.0,bottom
D1,MBR120LSF,SOD-123_L2.8-W1.8-LS3.7-RD,27.701,-70.97,0.0,bottom
D1,MBR120LSF,SOD-123_L2.8-W1.8-LS3.7-RD,77.301014,-178.77,180.0,bottom
D1,MBR120LSF,SOD-123_L2.8-W1.8-LS3.7-RD,119.701013,-70.97,0.0,bottom
D2,MBR120LSF,SOD-123_L2.8-W1.8-LS3.7-RD,77.301014,-176.27,180.0,bottom
D2,MBR120LSF,SOD-123_L2.8-W1.8-LS3.7-RD,119.701013,-73.47,0.0,bottom
D2,MBR120LSF,SOD-123_L2.8-W1.8-LS3.7-RD,27.701,-73.47,0.0,bottom
D2,MBR120LSF,SOD-123_L2.8-W1.8-LS3.7-RD,169.301027,-176.27,180.0,bottom
F1,Fuse_Small,Fuse_1206_3216Metric_Pad1.42x1.75mm_HandSolder,81.201,-45.87,270.0,bottom
F1,Fuse_Small,Fuse_1206_3216Metric_Pad1.42x1.75mm_HandSolder,115.801027,-203.87,90.0,bottom
F1,Fuse_Small,Fuse_1206_3216Metric_Pad1.42x1.75mm_HandSolder,173.201013,-45.87,270.0,bottom
F1,Fuse_Small,Fuse_1206_3216Metric_Pad1.42x1.75mm_HandSolder,23.801014,-203.87,90.0,bottom
J1,PM254-2-03-S-8_5,HDR-SMD_6P-P2.54-V-F-R2-C3-LS7.0,114.001027,-139.074013,0.0,top
J1,PM254-2-03-S-8_5,HDR-SMD_6P-P2.54-V-F-R2-C3-LS7.0,83.001,-110.665987,180.0,top
J1,PM254-2-03-S-8_5,HDR-SMD_6P-P2.54-V-F-R2-C3-LS7.0,22.001014,-139.074013,0.0,top
J1,PM254-2-03-S-8_5,HDR-SMD_6P-P2.54-V-F-R2-C3-LS7.0,175.001013,-110.665987,180.0,top
J2,PM254-2-03-S-8_5,HDR-SMD_6P-P2.54-V-F-R2-C3-LS7.0,114.001013,-110.665987,180.0,top
J2,PM254-2-03-S-8_5,HDR-SMD_6P-P2.54-V-F-R2-C3-LS7.0,22.001,-110.665987,180.0,top
J2,PM254-2-03-S-8_5,HDR-SMD_6P-P2.54-V-F-R2-C3-LS7.0,83.001014,-139.074013,0.0,top
J2,PM254-2-03-S-8_5,HDR-SMD_6P-P2.54-V-F-R2-C3-LS7.0,175.001027,-139.074013,0.0,top
J6,Conn_01x06,PinSocket_1x06_P2.54mm_Vertical,178.881013,-52.395,0.0,top
J6,Conn_01x06,PinSocket_1x06_P2.54mm_Vertical,86.881,-52.395,0.0,top
J6,Conn_01x06,PinSocket_1x06_P2.54mm_Vertical,18.121014,-197.345,180.0,top
J6,Conn_01x06,PinSocket_1x06_P2.54mm_Vertical,110.121027,-197.345,180.0,top
J7,Conn_01x06,PinSocket_1x06_P2.54mm_Vertical,110.301013,-52.395,0.0,top
J7,Conn_01x06,PinSocket_1x06_P2.54mm_Vertical,86.701014,-197.345,180.0,top
J7,Conn_01x06,PinSocket_1x06_P2.54mm_Vertical,178.701027,-197.345,180.0,top
J7,Conn_01x06,PinSocket_1x06_P2.54mm_Vertical,18.301,-52.395,0.0,top
KEY1,SSSS811101,SW-SMD_SSSS811101,10.476,-96.57,90.0,bottom
KEY1,SSSS811101,SW-SMD_SSSS811101,94.526014,-153.17,270.0,bottom
KEY1,SSSS811101,SW-SMD_SSSS811101,186.526027,-153.17,270.0,bottom
KEY1,SSSS811101,SW-SMD_SSSS811101,102.476013,-96.57,90.0,bottom
LED1,FC-2012HRK-620D,LED0805-R-RD,92.801014,-144.17,270.0,bottom
LED1,FC-2012HRK-620D,LED0805-R-RD,104.201013,-105.57,90.0,bottom
LED1,FC-2012HRK-620D,LED0805-R-RD,184.801027,-144.17,270.0,bottom
LED1,FC-2012HRK-620D,LED0805-R-RD,12.201,-105.57,90.0,bottom
LED2,FC-2012HRK-620D,LED0805-R-RD,106.601013,-105.57,90.0,bottom
LED2,FC-2012HRK-620D,LED0805-R-RD,182.401027,-144.17,270.0,bottom
LED2,FC-2012HRK-620D,LED0805-R-RD,14.601,-105.57,90.0,bottom
LED2,FC-2012HRK-620D,LED0805-R-RD,90.401014,-144.17,270.0,bottom
Q1,MMBT3904,SOT-23,179.701013,-35.62,90.0,bottom
Q1,MMBT3904,SOT-23,109.301027,-214.12,270.0,bottom
Q1,MMBT3904,SOT-23,87.701,-35.62,90.0,bottom
Q1,MMBT3904,SOT-23,17.301014,-214.12,270.0,bottom
R1,100K,R_0603_1608Metric,119.601013,-95.97,270.0,bottom
R1,100K,R_0603_1608Metric,27.601,-95.97,270.0,bottom
R1,100K,R_0603_1608Metric,77.401014,-153.77,90.0,bottom
R1,100K,R_0603_1608Metric,169.401027,-153.77,90.0,bottom
R10,470,R_0603_1608Metric,114.051027,-212.32,0.0,bottom
R10,470,R_0603_1608Metric,22.051014,-212.32,0.0,bottom
R10,470,R_0603_1608Metric,174.951013,-37.42,180.0,bottom
R10,470,R_0603_1608Metric,82.951,-37.42,180.0,bottom
R11,56,R_0603_1608Metric,14.301014,-214.67,270.0,bottom
R11,56,R_0603_1608Metric,90.701,-35.07,90.0,bottom
R11,56,R_0603_1608Metric,106.301027,-214.67,270.0,bottom
R11,56,R_0603_1608Metric,182.701013,-35.07,90.0,bottom
R12,1K,R_0603_1608Metric,18.101014,-209.62,0.0,bottom
R12,1K,R_0603_1608Metric,178.901013,-40.12,180.0,bottom
R12,1K,R_0603_1608Metric,86.901,-40.12,180.0,bottom
R12,1K,R_0603_1608Metric,110.101027,-209.62,0.0,bottom
R13,100K,R_0603_1608Metric,178.901013,-42.095,180.0,bottom
R13,100K,R_0603_1608Metric,18.101014,-207.645,0.0,bottom
R13,100K,R_0603_1608Metric,86.901,-42.095,180.0,bottom
R13,100K,R_0603_1608Metric,110.101027,-207.645,0.0,bottom
R14,10K,R_0603_1608Metric,171.501013,-94.87,90.0,bottom
R14,10K,R_0603_1608Metric,117.501027,-154.87,270.0,bottom
R14,10K,R_0603_1608Metric,25.501014,-154.87,270.0,bottom
R14,10K,R_0603_1608Metric,79.501,-94.87,90.0,bottom
R2,5.1K,R_0603_1608Metric,104.251013,-109.77,270.0,bottom
R2,5.1K,R_0603_1608Metric,184.751027,-139.97,90.0,bottom
R2,5.1K,R_0603_1608Metric,12.251,-109.77,270.0,bottom
R2,5.1K,R_0603_1608Metric,92.751014,-139.97,90.0,bottom
R3,5.1K,R_0603_1608Metric,14.651,-109.77,270.0,bottom
R3,5.1K,R_0603_1608Metric,90.351014,-139.97,90.0,bottom
R3,5.1K,R_0603_1608Metric,106.651013,-109.77,270.0,bottom
R3,5.1K,R_0603_1608Metric,182.351027,-139.97,90.0,bottom
R4,5.1K,R_0603_1608Metric,175.099593,-163.369936,0.0,bottom
R4,5.1K,R_0603_1608Metric,113.902447,-86.370064,180.0,bottom
R4,5.1K,R_0603_1608Metric,21.902434,-86.370064,180.0,bottom
R4,5.1K,R_0603_1608Metric,83.09958,-163.369936,0.0,bottom
R5,5.1K,R_0603_1608Metric,18.902434,-80.37,180.0,bottom
R5,5.1K,R_0603_1608Metric,110.902447,-80.37,180.0,bottom
R5,5.1K,R_0603_1608Metric,178.099593,-169.37,0.0,bottom
R5,5.1K,R_0603_1608Metric,86.09958,-169.37,0.0,bottom
R6,10K,R_0603_1608Metric,180.001013,-94.37,0.0,bottom
R6,10K,R_0603_1608Metric,17.001014,-155.37,180.0,bottom
R6,10K,R_0603_1608Metric,88.001,-94.37,0.0,bottom
R6,10K,R_0603_1608Metric,109.001027,-155.37,180.0,bottom
R7,10K,R_0603_1608Metric,182.501013,-39.47,90.0,bottom
R7,10K,R_0603_1608Metric,90.501,-39.47,90.0,bottom
R7,10K,R_0603_1608Metric,106.501027,-210.27,270.0,bottom
R7,10K,R_0603_1608Metric,14.501014,-210.27,270.0,bottom
R8,10K,R_0603_1608Metric,183.313013,-25.642,270.0,bottom
R8,10K,R_0603_1608Metric,91.313,-25.642,270.0,bottom
R8,10K,R_0603_1608Metric,105.689027,-224.098,90.0,bottom
R8,10K,R_0603_1608Metric,13.689014,-224.098,90.0,bottom
R9,10K,R_0603_1608Metric,26.506087,-31.77,270.0,bottom
R9,10K,R_0603_1608Metric,170.49594,-217.97,90.0,bottom
R9,10K,R_0603_1608Metric,78.495927,-217.97,90.0,bottom
R9,10K,R_0603_1608Metric,118.5061,-31.77,270.0,bottom
RGB1,SK6812SIDE-A_C5378721,LED-SMD_SK6812SIDE-A_C5378721,144.472821,-131.021346,0.0,bottom
RGB1,SK6812SIDE-A_C5378721,LED-SMD_SK6812SIDE-A_C5378721,52.472808,-131.021346,0.0,bottom
RGB1,SK6812SIDE-A_C5378721,LED-SMD_SK6812SIDE-A_C5378721,52.529206,-118.718654,180.0,bottom
RGB1,SK6812SIDE-A_C5378721,LED-SMD_SK6812SIDE-A_C5378721,144.529219,-118.718654,180.0,bottom
RGB10,SK6812SIDE-A_C5378721,LED-SMD_SK6812SIDE-A_C5378721,32.650987,-98.888415,270.0,bottom
RGB10,SK6812SIDE-A_C5378721,LED-SMD_SK6812SIDE-A_C5378721,72.351027,-150.851585,90.0,bottom
RGB10,SK6812SIDE-A_C5378721,LED-SMD_SK6812SIDE-A_C5378721,164.35104,-150.851585,90.0,bottom
RGB10,SK6812SIDE-A_C5378721,LED-SMD_SK6812SIDE-A_C5378721,124.651,-98.888415,270.0,bottom
RGB11,SK6812SIDE-A_C5378721,LED-SMD_SK6812SIDE-A_C5378721,69.655962,-140.966529,60.0,bottom
RGB11,SK6812SIDE-A_C5378721,LED-SMD_SK6812SIDE-A_C5378721,127.346065,-108.773471,240.0,bottom
RGB11,SK6812SIDE-A_C5378721,LED-SMD_SK6812SIDE-A_C5378721,35.346052,-108.773471,240.0,bottom
RGB11,SK6812SIDE-A_C5378721,LED-SMD_SK6812SIDE-A_C5378721,161.655975,-140.966529,60.0,bottom
RGB12,SK6812SIDE-A_C5378721,LED-SMD_SK6812SIDE-A_C5378721,62.379005,-133.690921,30.0,bottom
RGB12,SK6812SIDE-A_C5378721,LED-SMD_SK6812SIDE-A_C5378721,42.623008,-116.049078,210.0,bottom
RGB12,SK6812SIDE-A_C5378721,LED-SMD_SK6812SIDE-A_C5378721,154.379018,-133.690921,30.0,bottom
RGB12,SK6812SIDE-A_C5378721,LED-SMD_SK6812SIDE-A_C5378721,134.623021,-116.049078,210.0,bottom
RGB13,SK6812SIDE-A_C5378721,LED-SMD_SK6812SIDE-A_C5378721,143.263561,-13.357452,0.0,bottom
RGB13,SK6812SIDE-A_C5378721,LED-SMD_SK6812SIDE-A_C5378721,145.738479,-236.382548,180.0,bottom
RGB13,SK6812SIDE-A_C5378721,LED-SMD_SK6812SIDE-A_C5378721,51.263548,-13.357452,0.0,bottom
RGB13,SK6812SIDE-A_C5378721,LED-SMD_SK6812SIDE-A_C5378721,53.738466,-236.382548,180.0,bottom
RGB14,SK6812SIDE-A_C5378721,LED-SMD_SK6812SIDE-A_C5378721,136.301661,-13.357452,0.0,bottom
RGB14,SK6812SIDE-A_C5378721,LED-SMD_SK6812SIDE-A_C5378721,152.700379,-236.382548,180.0,bottom
RGB14,SK6812SIDE-A_C5378721,LED-SMD_SK6812SIDE-A_C5378721,60.700366,-236.382548,180.0,bottom
RGB14,SK6812SIDE-A_C5378721,LED-SMD_SK6812SIDE-A_C5378721,44.301648,-13.357452,0.0,bottom
RGB15,SK6812SIDE-A_C5378721,LED-SMD_SK6812SIDE-A_C5378721,159.781964,-236.37028,180.0,bottom
RGB15,SK6812SIDE-A_C5378721,LED-SMD_SK6812SIDE-A_C5378721,67.781951,-236.37028,180.0,bottom
RGB15,SK6812SIDE-A_C5378721,LED-SMD_SK6812SIDE-A_C5378721,129.220076,-13.36972,0.0,bottom
RGB15,SK6812SIDE-A_C5378721,LED-SMD_SK6812SIDE-A_C5378721,37.220063,-13.36972,0.0,bottom
RGB16,SK6812SIDE-A_C5378721,LED-SMD_SK6812SIDE-A_C5378721,122.263561,-13.357452,0.0,bottom
RGB16,SK6812SIDE-A_C5378721,LED-SMD_SK6812SIDE-A_C5378721,30.263548,-13.357452,0.0,bottom
RGB16,SK6812SIDE-A_C5378721,LED-SMD_SK6812SIDE-A_C5378721,74.738466,-236.382548,180.0,bottom
RGB16,SK6812SIDE-A_C5378721,LED-SMD_SK6812SIDE-A_C5378721,166.738479,-236.382548,180.0,bottom
RGB17,SK6812SIDE-A_C5378721,LED-SMD_SK6812SIDE-A_C5378721,115.220076,-13.36972,0.0,bottom
RGB17,SK6812SIDE-A_C5378721,LED-SMD_SK6812SIDE-A_C5378721,23.220063,-13.36972,0.0,bottom
RGB17,SK6812SIDE-A_C5378721,LED-SMD_SK6812SIDE-A_C5378721,81.781951,-236.37028,180.0,bottom
RGB17,SK6812SIDE-A_C5378721,LED-SMD_SK6812SIDE-A_C5378721,173.781964,-236.37028,180.0,bottom
RGB18,SK6812SIDE-A_C5378721,LED-SMD_SK6812SIDE-A_C5378721,16.263548,-13.357452,0.0,bottom
RGB18,SK6812SIDE-A_C5378721,LED-SMD_SK6812SIDE-A_C5378721,88.738466,-236.382548,180.0,bottom
RGB18,SK6812SIDE-A_C5378721,LED-SMD_SK6812SIDE-A_C5378721,180.738479,-236.382548,180.0,bottom
RGB18,SK6812SIDE-A_C5378721,LED-SMD_SK6812SIDE-A_C5378721,108.263561,-13.357452,0.0,bottom
RGB2,SK6812SIDE-A_C5378721,LED-SMD_SK6812SIDE-A_C5378721,154.379484,-116.049948,150.0,bottom
RGB2,SK6812SIDE-A_C5378721,LED-SMD_SK6812SIDE-A_C5378721,134.622556,-133.690052,330.0,bottom
RGB2,SK6812SIDE-A_C5378721,LED-SMD_SK6812SIDE-A_C5378721,62.379471,-116.049948,150.0,bottom
RGB2,SK6812SIDE-A_C5378721,LED-SMD_SK6812SIDE-A_C5378721,42.622543,-133.690052,330.0,bottom
RGB3,SK6812SIDE-A_C5378721,LED-SMD_SK6812SIDE-A_C5378721,161.680091,-108.747991,120.0,bottom
RGB3,SK6812SIDE-A_C5378721,LED-SMD_SK6812SIDE-A_C5378721,69.680078,-108.747991,120.0,bottom
RGB3,SK6812SIDE-A_C5378721,LED-SMD_SK6812SIDE-A_C5378721,35.321935,-140.992008,300.0,bottom
RGB3,SK6812SIDE-A_C5378721,LED-SMD_SK6812SIDE-A_C5378721,127.321948,-140.992008,300.0,bottom
RGB4,SK6812SIDE-A_C5378721,LED-SMD_SK6812SIDE-A_C5378721,164.349666,-98.941793,90.0,bottom
RGB4,SK6812SIDE-A_C5378721,LED-SMD_SK6812SIDE-A_C5378721,72.349653,-98.941793,90.0,bottom
RGB4,SK6812SIDE-A_C5378721,LED-SMD_SK6812SIDE-A_C5378721,124.652374,-150.798207,270.0,bottom
RGB4,SK6812SIDE-A_C5378721,LED-SMD_SK6812SIDE-A_C5378721,32.652361,-150.798207,270.0,bottom
RGB5,SK6812SIDE-A_C5378721,LED-SMD_SK6812SIDE-A_C5378721,35.346067,-160.773472,240.0,bottom
RGB5,SK6812SIDE-A_C5378721,LED-SMD_SK6812SIDE-A_C5378721,161.65596,-88.966528,60.0,bottom
RGB5,SK6812SIDE-A_C5378721,LED-SMD_SK6812SIDE-A_C5378721,69.655947,-88.966528,60.0,bottom
RGB5,SK6812SIDE-A_C5378721,LED-SMD_SK6812SIDE-A_C5378721,127.34608,-160.773472,240.0,bottom
RGB6,SK6812SIDE-A_C5378721,LED-SMD_SK6812SIDE-A_C5378721,154.379004,-81.69092,30.0,bottom
RGB6,SK6812SIDE-A_C5378721,LED-SMD_SK6812SIDE-A_C5378721,42.623022,-168.049079,210.0,bottom
RGB6,SK6812SIDE-A_C5378721,LED-SMD_SK6812SIDE-A_C5378721,134.623035,-168.049079,210.0,bottom
RGB6,SK6812SIDE-A_C5378721,LED-SMD_SK6812SIDE-A_C5378721,62.378991,-81.69092,30.0,bottom
RGB7,SK6812SIDE-A_C5378721,LED-SMD_SK6812SIDE-A_C5378721,144.494511,-79.032719,0.0,bottom
RGB7,SK6812SIDE-A_C5378721,LED-SMD_SK6812SIDE-A_C5378721,52.507516,-170.707281,180.0,bottom
RGB7,SK6812SIDE-A_C5378721,LED-SMD_SK6812SIDE-A_C5378721,144.507529,-170.707281,180.0,bottom
RGB7,SK6812SIDE-A_C5378721,LED-SMD_SK6812SIDE-A_C5378721,52.494498,-79.032719,0.0,bottom
RGB8,SK6812SIDE-A_C5378721,LED-SMD_SK6812SIDE-A_C5378721,42.622528,-81.690053,330.0,bottom
RGB8,SK6812SIDE-A_C5378721,LED-SMD_SK6812SIDE-A_C5378721,134.622541,-81.690053,330.0,bottom
RGB8,SK6812SIDE-A_C5378721,LED-SMD_SK6812SIDE-A_C5378721,62.379486,-168.049947,150.0,bottom
RGB8,SK6812SIDE-A_C5378721,LED-SMD_SK6812SIDE-A_C5378721,154.379499,-168.049947,150.0,bottom
RGB9,SK6812SIDE-A_C5378721,LED-SMD_SK6812SIDE-A_C5378721,69.680093,-160.747991,120.0,bottom
RGB9,SK6812SIDE-A_C5378721,LED-SMD_SK6812SIDE-A_C5378721,161.680106,-160.747991,120.0,bottom
RGB9,SK6812SIDE-A_C5378721,LED-SMD_SK6812SIDE-A_C5378721,35.32192,-88.992008,300.0,bottom
RGB9,SK6812SIDE-A_C5378721,LED-SMD_SK6812SIDE-A_C5378721,127.321933,-88.992008,300.0,bottom
SW1,TS-1187A-B-A-B,SW-SMD_4P-L5.1-W5.1-P3.70-LS6.5-TL_H1.5,177.001013,-36.719886,0.0,top
SW1,TS-1187A-B-A-B,SW-SMD_4P-L5.1-W5.1-P3.70-LS6.5-TL_H1.5,20.001014,-213.020114,180.0,top
SW1,TS-1187A-B-A-B,SW-SMD_4P-L5.1-W5.1-P3.70-LS6.5-TL_H1.5,85.001,-36.719886,0.0,top
SW1,TS-1187A-B-A-B,SW-SMD_4P-L5.1-W5.1-P3.70-LS6.5-TL_H1.5,112.001027,-213.020114,180.0,top
SW2,TS-1187A-B-A-B,SW-SMD_4P-L5.1-W5.1-P3.70-LS6.5-TL_H1.5,112.001027,-225.170228,180.0,top
SW2,TS-1187A-B-A-B,SW-SMD_4P-L5.1-W5.1-P3.70-LS6.5-TL_H1.5,177.001013,-24.569772,0.0,top
SW2,TS-1187A-B-A-B,SW-SMD_4P-L5.1-W5.1-P3.70-LS6.5-TL_H1.5,20.001014,-225.170228,180.0,top
SW2,TS-1187A-B-A-B,SW-SMD_4P-L5.1-W5.1-P3.70-LS6.5-TL_H1.5,85.001,-24.569772,0.0,top
SW3,TS-1187A-B-A-B,SW-SMD_4P-L5.1-W5.1-P3.70-LS6.5-TL_H1.5,20.001,-30.719886,0.0,top
SW3,TS-1187A-B-A-B,SW-SMD_4P-L5.1-W5.1-P3.70-LS6.5-TL_H1.5,85.001014,-219.020114,180.0,top
SW3,TS-1187A-B-A-B,SW-SMD_4P-L5.1-W5.1-P3.70-LS6.5-TL_H1.5,112.001013,-30.719886,0.0,top
SW3,TS-1187A-B-A-B,SW-SMD_4P-L5.1-W5.1-P3.70-LS6.5-TL_H1.5,177.001027,-219.020114,180.0,top
SW4,TS-1187A-B-A-B,SW-SMD_4P-L5.1-W5.1-P3.70-LS6.5-TL_H1.5,115.751027,-147.37,0.0,bottom
SW4,TS-1187A-B-A-B,SW-SMD_4P-L5.1-W5.1-P3.70-LS6.5-TL_H1.5,173.251013,-102.37,180.0,bottom
SW4,TS-1187A-B-A-B,SW-SMD_4P-L5.1-W5.1-P3.70-LS6.5-TL_H1.5,81.251,-102.37,180.0,bottom
SW4,TS-1187A-B-A-B,SW-SMD_4P-L5.1-W5.1-P3.70-LS6.5-TL_H1.5,23.751014,-147.37,0.0,bottom
U1,ESP32-C3-WROOM-02-N4(4MB),BULETM-SMD_ESPRESSIF_ESP32-C3-WROOM-02-N4-4MB,21.701039,-167.470102,270.0,bottom
U1,ESP32-C3-WROOM-02-N4(4MB),BULETM-SMD_ESPRESSIF_ESP32-C3-WROOM-02-N4-4MB,175.300988,-82.269898,90.0,bottom
U1,ESP32-C3-WROOM-02-N4(4MB),BULETM-SMD_ESPRESSIF_ESP32-C3-WROOM-02-N4-4MB,113.701052,-167.470102,270.0,bottom
U1,ESP32-C3-WROOM-02-N4(4MB),BULETM-SMD_ESPRESSIF_ESP32-C3-WROOM-02-N4-4MB,83.300975,-82.269898,90.0,bottom
U2,TYPE-C-31-M-12,USB-C_SMD-TYPE-C-31-M-12,13.251526,-85.12,90.0,bottom
U2,TYPE-C-31-M-12,USB-C_SMD-TYPE-C-31-M-12,183.750501,-164.62,270.0,bottom
U2,TYPE-C-31-M-12,USB-C_SMD-TYPE-C-31-M-12,91.750488,-164.62,270.0,bottom
U2,TYPE-C-31-M-12,USB-C_SMD-TYPE-C-31-M-12,105.251539,-85.12,90.0,bottom
U3,TPSMF05CT1G,SOT-363_L2.0-W1.3-P0.65-LS2.1-BL,80.251014,-170.87,0.0,bottom
U3,TPSMF05CT1G,SOT-363_L2.0-W1.3-P0.65-LS2.1-BL,24.751,-78.87,180.0,bottom
U3,TPSMF05CT1G,SOT-363_L2.0-W1.3-P0.65-LS2.1-BL,172.251027,-170.87,0.0,bottom
U3,TPSMF05CT1G,SOT-363_L2.0-W1.3-P0.65-LS2.1-BL,116.751013,-78.87,180.0,bottom
U4,IR968-8C,LED-TH_L2.9-W2.9-P2.54-FD,107.701027,-219.02,0.0,bottom
U4,IR968-8C,LED-TH_L2.9-W2.9-P2.54-FD,89.301,-30.72,180.0,bottom
U4,IR968-8C,LED-TH_L2.9-W2.9-P2.54-FD,15.701014,-219.02,0.0,bottom
U4,IR968-8C,LED-TH_L2.9-W2.9-P2.54-FD,181.301013,-30.72,180.0,bottom
U5,TSOP34838,SENSOR-TH_TSOP34838,82.4518,-30.70857,180.0,bottom
U5,TSOP34838,SENSOR-TH_TSOP34838,22.550214,-219.03143,0.0,bottom
U5,TSOP34838,SENSOR-TH_TSOP34838,174.451813,-30.70857,180.0,bottom
U5,TSOP34838,SENSOR-TH_TSOP34838,114.550227,-219.03143,0.0,bottom
U6,AP2112K-3_3TRG1,SOT-25-5_L2.9-W1.6-P0.95-LS2.8-BL,118.000987,-100.97,180.0,bottom
U6,AP2112K-3_3TRG1,SOT-25-5_L2.9-W1.6-P0.95-LS2.8-BL,26.000974,-100.97,180.0,bottom
U6,AP2112K-3_3TRG1,SOT-25-5_L2.9-W1.6-P0.95-LS2.8-BL,79.001039,-148.77,0.0,bottom
U6,AP2112K-3_3TRG1,SOT-25-5_L2.9-W1.6-P0.95-LS2.8-BL,171.001052,-148.77,0.0,bottom
U7,HS96L03W2C03,OLED-TH_L38.0-W12.0_HS91L02W2C01,34.469708,-216.77,0.0,top
U7,HS96L03W2C03,OLED-TH_L38.0-W12.0_HS91L02W2C01,70.532306,-32.97,180.0,top
U7,HS96L03W2C03,OLED-TH_L38.0-W12.0_HS91L02W2C01,126.469721,-216.77,0.0,top
U7,HS96L03W2C03,OLED-TH_L38.0-W12.0_HS91L02W2C01,162.532319,-32.97,180.0,top
